id,geom
"1","MultiPolygon (((23.67042614 35.4985113, 23.68607719 35.5002982, 23.68651473 35.49878576, 23.68739699 35.49817844, 23.68789191 35.49754192, 23.68803537 35.49647325, 23.6877628 35.49594767, 23.68761934 35.49522354, 23.68809275 35.49458115, 23.68850877 35.4"
