id,geom
"1","MultiPolygon (((23.66898440416236582 35.49837698770717509, 23.68607719148529966 35.50029819558625377, 23.686514732411311 35.49878575918922508, 23.68789191040795217 35.49754191950018622, 23.68850877138562439 35.49371684579321595, 23.68863788182280672 35.49258388824107868, 23.67975795286528395 35.48907979470185836, 23.6754686172299067 35.48888122482639318, 23.66958691953589877 35.49034128597957505, 23.6688696393293192 35.49249044772982842, 23.66861141845495098 35.49475634949335046, 23.66898440416236582 35.49837698770717509, 23.66898440416236582 35.49837698770717509)))"
