id,capacity,geom
"2","200","MultiPolygon (((23.68717932 35.49214501, 23.68458764 35.49578727, 23.68794439 35.49629783, 23.6877628 35.49594767, 23.68761934 35.49522354, 23.68809275 35.49458115, 23.68850877 35.49371685, 23.68863788 35.49258389, 23.68717932 35.49214501)))"
"1","200","MultiPolygon (((23.6737798 35.49414343, 23.67305925 35.48897004, 23.67120797 35.48927836, 23.66958692 35.49034129, 23.66958692 35.49162612, 23.66886964 35.49249045, 23.66876813 35.49338117, 23.6737798 35.49414343)))"
"4","200","MultiPolygon (((23.68252118 35.49547297, 23.68213615 35.49056165, 23.68152246 35.49028288, 23.67975795 35.48907979, 23.67955546 35.48908177, 23.67666983 35.494583, 23.68252118 35.49547297)))"
"3","200","MultiPolygon (((23.67666983 35.494583, 23.67955546 35.48908177, 23.67617155 35.48911484, 23.67546862 35.48888122, 23.67310159 35.48896299, 23.67305925 35.48897004, 23.6737798 35.49414343, 23.67666983 35.494583)))"
"5","200","MultiPolygon (((23.68458764 35.49578727, 23.68717932 35.49214501, 23.68599829 35.49178964, 23.68288529 35.49090194, 23.68213615 35.49056165, 23.68252118 35.49547297, 23.68458764 35.49578727)))"
