id,capacity,geom
"2","200","MultiPolygon (((23.68725945774237829 35.49204146144826666, 23.68458764163406371 35.49578727334520778, 23.68808378802293291 35.49632255901073563, 23.68850877138562439 35.49371684579321595, 23.68863788182280672 35.49258388824107868, 23.68725945774237829 35.49204146144826666)))"
"1","200","MultiPolygon (((23.67377979571487856 35.4941434295389513, 23.67305924735124734 35.48897004138297717, 23.67120797280279376 35.48927836408663694, 23.66958691953589877 35.49034128597957505, 23.6688696393293192 35.49249044772982842, 23.66876813319781547 35.49338116937634879, 23.67377979571487856 35.4941434295389513)))"
"4","200","MultiPolygon (((23.6825211840290244 35.49547297079497099, 23.68221707974074164 35.49006544893382653, 23.67975795286528395 35.48907979470185836, 23.67955546350031071 35.48908177316713619, 23.67666983305897688 35.49458299631510982, 23.6825211840290244 35.49547297079497099)))"
"3","200","MultiPolygon (((23.67666983305897688 35.49458299631510982, 23.67955546350031071 35.48908177316713619, 23.6754686172299067 35.48888122482639318, 23.67310159254817847 35.48896298895219559, 23.67305924735124734 35.48897004138297717, 23.67377979571487856 35.4941434295389513, 23.67666983305897688 35.49458299631510982)))"
"5","200","MultiPolygon (((23.68458764163406371 35.49578727334520778, 23.68725945774237829 35.49204146144826666, 23.68221707974074164 35.49006544893382653, 23.6825211840290244 35.49547297079497099, 23.68458764163406371 35.49578727334520778)))"
